{
    "spectral_flatness": 0.004049520939588547,
    "distribution_analysis": {
        "mean": -0.00029825555975548923,
        "std": 0.17541521787643433,
        "skewness": 0.02387152517184265,
        "kurtosis": 0.1442641097638,
        "ks_test": {
            "statistic": 0.014236963498688526,
            "p_value": 0.0
        }
    },
    "noise_analysis_plot": "results\\peaceful_forest_ambient_0214_2006/final_mix\\peaceful_forest_ambient_0214_2006_noise_analysis.png"
}